,antecedents,consequents,antecedent support,consequent support,support,confidence,lift,leverage,conviction
0,"frozenset([145, 378, 165])",frozenset([263]),0.9871611982881597,0.07703281027104136,0.07703281027104136,0.07803468208092486,1.0130057803468209,0.000989008976375716,1.001086669737366
1,"frozenset([145, 378, 263])",frozenset([165]),0.07703281027104136,0.9871611982881597,0.07703281027104136,1.0,1.0130057803468209,0.000989008976375716,inf
2,"frozenset([145, 165, 263])",frozenset([378]),0.07703281027104136,0.9900142653352354,0.07703281027104136,1.0,1.0100864553314122,0.0007692292038477683,inf
3,"frozenset([378, 165, 263])",frozenset([145]),0.07703281027104136,0.9871611982881597,0.07703281027104136,1.0,1.0130057803468209,0.000989008976375716,inf
4,"frozenset([145, 378])","frozenset([165, 263])",0.9871611982881597,0.07703281027104136,0.07703281027104136,0.07803468208092486,1.0130057803468209,0.000989008976375716,1.001086669737366
5,"frozenset([145, 165])","frozenset([378, 263])",0.9871611982881597,0.07703281027104136,0.07703281027104136,0.07803468208092486,1.0130057803468209,0.000989008976375716,1.001086669737366
6,"frozenset([145, 263])","frozenset([378, 165])",0.07703281027104136,0.9871611982881597,0.07703281027104136,1.0,1.0130057803468209,0.000989008976375716,inf
7,"frozenset([378, 165])","frozenset([145, 263])",0.9871611982881597,0.07703281027104136,0.07703281027104136,0.07803468208092486,1.0130057803468209,0.000989008976375716,1.001086669737366
8,"frozenset([378, 263])","frozenset([145, 165])",0.07703281027104136,0.9871611982881597,0.07703281027104136,1.0,1.0130057803468209,0.000989008976375716,inf
9,"frozenset([165, 263])","frozenset([145, 378])",0.07703281027104136,0.9871611982881597,0.07703281027104136,1.0,1.0130057803468209,0.000989008976375716,inf
10,frozenset([145]),"frozenset([378, 165, 263])",0.9871611982881597,0.07703281027104136,0.07703281027104136,0.07803468208092486,1.0130057803468209,0.000989008976375716,1.001086669737366
11,frozenset([378]),"frozenset([145, 165, 263])",0.9900142653352354,0.07703281027104136,0.07703281027104136,0.07780979827089336,1.0100864553314122,0.0007692292038477683,1.0008425463623396
12,frozenset([165]),"frozenset([145, 378, 263])",0.9871611982881597,0.07703281027104136,0.07703281027104136,0.07803468208092486,1.0130057803468209,0.000989008976375716,1.001086669737366
13,frozenset([263]),"frozenset([145, 378, 165])",0.07703281027104136,0.9871611982881597,0.07703281027104136,1.0,1.0130057803468209,0.000989008976375716,inf
14,frozenset([378]),frozenset([375]),0.9900142653352354,0.9914407988587732,0.9871611982881597,0.9971181556195965,1.0057263699127152,0.005620664182612423,2.970042796005637
15,frozenset([375]),frozenset([378]),0.9914407988587732,0.9900142653352354,0.9871611982881597,0.99568345323741,1.0057263699127152,0.005620664182612423,2.313361864003778
16,"frozenset([145, 378, 165, 375])",frozenset([263]),0.9843081312410842,0.07703281027104136,0.07703281027104136,0.07826086956521738,1.0159420289855072,0.0012087887489036497,1.0013323284795306
17,"frozenset([145, 378, 263, 375])",frozenset([165]),0.07703281027104136,0.9871611982881597,0.07703281027104136,1.0,1.0130057803468209,0.000989008976375716,inf
18,"frozenset([145, 378, 165, 263])",frozenset([375]),0.07703281027104136,0.9914407988587732,0.07703281027104136,1.0,1.0086330935251797,0.0006593393175838014,inf
19,"frozenset([145, 263, 165, 375])",frozenset([378]),0.07703281027104136,0.9900142653352354,0.07703281027104136,1.0,1.0100864553314122,0.0007692292038477683,inf
20,"frozenset([378, 263, 165, 375])",frozenset([145]),0.07703281027104136,0.9871611982881597,0.07703281027104136,1.0,1.0130057803468209,0.000989008976375716,inf
21,"frozenset([145, 378, 375])","frozenset([165, 263])",0.9843081312410842,0.07703281027104136,0.07703281027104136,0.07826086956521738,1.0159420289855072,0.0012087887489036497,1.0013323284795306
22,"frozenset([145, 378, 165])","frozenset([263, 375])",0.9871611982881597,0.07703281027104136,0.07703281027104136,0.07803468208092486,1.0130057803468209,0.000989008976375716,1.001086669737366
23,"frozenset([145, 378, 263])","frozenset([165, 375])",0.07703281027104136,0.9843081312410842,0.07703281027104136,1.0,1.0159420289855072,0.0012087887489036497,inf
24,"frozenset([145, 165, 375])","frozenset([378, 263])",0.9843081312410842,0.07703281027104136,0.07703281027104136,0.07826086956521738,1.0159420289855072,0.0012087887489036497,1.0013323284795306
25,"frozenset([145, 263, 375])","frozenset([378, 165])",0.07703281027104136,0.9871611982881597,0.07703281027104136,1.0,1.0130057803468209,0.000989008976375716,inf
26,"frozenset([145, 165, 263])","frozenset([378, 375])",0.07703281027104136,0.9871611982881597,0.07703281027104136,1.0,1.0130057803468209,0.000989008976375716,inf
27,"frozenset([378, 165, 375])","frozenset([145, 263])",0.9843081312410842,0.07703281027104136,0.07703281027104136,0.07826086956521738,1.0159420289855072,0.0012087887489036497,1.0013323284795306
28,"frozenset([378, 263, 375])","frozenset([145, 165])",0.07703281027104136,0.9871611982881597,0.07703281027104136,1.0,1.0130057803468209,0.000989008976375716,inf
29,"frozenset([378, 165, 263])","frozenset([145, 375])",0.07703281027104136,0.9843081312410842,0.07703281027104136,1.0,1.0159420289855072,0.0012087887489036497,inf
30,"frozenset([263, 165, 375])","frozenset([145, 378])",0.07703281027104136,0.9871611982881597,0.07703281027104136,1.0,1.0130057803468209,0.000989008976375716,inf
31,"frozenset([145, 378])","frozenset([263, 165, 375])",0.9871611982881597,0.07703281027104136,0.07703281027104136,0.07803468208092486,1.0130057803468209,0.000989008976375716,1.001086669737366
32,"frozenset([145, 375])","frozenset([378, 165, 263])",0.9843081312410842,0.07703281027104136,0.07703281027104136,0.07826086956521738,1.0159420289855072,0.0012087887489036497,1.0013323284795306
33,"frozenset([145, 165])","frozenset([378, 263, 375])",0.9871611982881597,0.07703281027104136,0.07703281027104136,0.07803468208092486,1.0130057803468209,0.000989008976375716,1.001086669737366
34,"frozenset([145, 263])","frozenset([378, 165, 375])",0.07703281027104136,0.9843081312410842,0.07703281027104136,1.0,1.0159420289855072,0.0012087887489036497,inf
35,"frozenset([378, 375])","frozenset([145, 165, 263])",0.9871611982881597,0.07703281027104136,0.07703281027104136,0.07803468208092486,1.0130057803468209,0.000989008976375716,1.001086669737366
36,"frozenset([378, 165])","frozenset([145, 263, 375])",0.9871611982881597,0.07703281027104136,0.07703281027104136,0.07803468208092486,1.0130057803468209,0.000989008976375716,1.001086669737366
37,"frozenset([378, 263])","frozenset([145, 165, 375])",0.07703281027104136,0.9843081312410842,0.07703281027104136,1.0,1.0159420289855072,0.0012087887489036497,inf
38,"frozenset([165, 375])","frozenset([145, 378, 263])",0.9843081312410842,0.07703281027104136,0.07703281027104136,0.07826086956521738,1.0159420289855072,0.0012087887489036497,1.0013323284795306
39,"frozenset([263, 375])","frozenset([145, 378, 165])",0.07703281027104136,0.9871611982881597,0.07703281027104136,1.0,1.0130057803468209,0.000989008976375716,inf
40,"frozenset([165, 263])","frozenset([145, 378, 375])",0.07703281027104136,0.9843081312410842,0.07703281027104136,1.0,1.0159420289855072,0.0012087887489036497,inf
41,frozenset([145]),"frozenset([378, 263, 165, 375])",0.9871611982881597,0.07703281027104136,0.07703281027104136,0.07803468208092486,1.0130057803468209,0.000989008976375716,1.001086669737366
42,frozenset([378]),"frozenset([145, 263, 165, 375])",0.9900142653352354,0.07703281027104136,0.07703281027104136,0.07780979827089336,1.0100864553314122,0.0007692292038477683,1.0008425463623396
43,frozenset([375]),"frozenset([145, 378, 165, 263])",0.9914407988587732,0.07703281027104136,0.07703281027104136,0.0776978417266187,1.00863309352518,0.0006593393175838014,1.0007210559463748
44,frozenset([165]),"frozenset([145, 378, 263, 375])",0.9871611982881597,0.07703281027104136,0.07703281027104136,0.07803468208092486,1.0130057803468209,0.000989008976375716,1.001086669737366
45,frozenset([263]),"frozenset([145, 378, 165, 375])",0.07703281027104136,0.9843081312410842,0.07703281027104136,1.0,1.0159420289855072,0.0012087887489036497,inf
46,"frozenset([145, 378, 375])",frozenset([191]),0.9843081312410842,0.16975748930099857,0.16975748930099857,0.17246376811594202,1.0159420289855072,0.0026638122429543387,1.003270284382331
47,"frozenset([145, 378, 191])",frozenset([375]),0.16975748930099857,0.9914407988587732,0.16975748930099857,1.0,1.0086330935251797,0.0014529884961569095,inf
48,"frozenset([145, 191, 375])",frozenset([378]),0.16975748930099857,0.9900142653352354,0.16975748930099857,1.0,1.0100864553314122,0.0016951532455163898,inf
49,"frozenset([378, 191, 375])",frozenset([145]),0.16975748930099857,0.9871611982881597,0.16975748930099857,1.0,1.0130057803468209,0.002179482744235378,inf
50,"frozenset([145, 378])","frozenset([191, 375])",0.9871611982881597,0.16975748930099857,0.16975748930099857,0.17196531791907516,1.0130057803468209,0.002179482744235378,1.0026663479994922
51,"frozenset([145, 375])","frozenset([378, 191])",0.9843081312410842,0.16975748930099857,0.16975748930099857,0.17246376811594202,1.0159420289855072,0.0026638122429543387,1.003270284382331
52,"frozenset([145, 191])","frozenset([378, 375])",0.16975748930099857,0.9871611982881597,0.16975748930099857,1.0,1.0130057803468209,0.002179482744235378,inf
53,"frozenset([378, 375])","frozenset([145, 191])",0.9871611982881597,0.16975748930099857,0.16975748930099857,0.17196531791907516,1.0130057803468209,0.002179482744235378,1.0026663479994922
54,"frozenset([378, 191])","frozenset([145, 375])",0.16975748930099857,0.9843081312410842,0.16975748930099857,1.0,1.0159420289855072,0.0026638122429543387,inf
55,"frozenset([191, 375])","frozenset([145, 378])",0.16975748930099857,0.9871611982881597,0.16975748930099857,1.0,1.0130057803468209,0.002179482744235378,inf
56,frozenset([145]),"frozenset([378, 191, 375])",0.9871611982881597,0.16975748930099857,0.16975748930099857,0.17196531791907516,1.0130057803468209,0.002179482744235378,1.0026663479994922
57,frozenset([378]),"frozenset([145, 191, 375])",0.9900142653352354,0.16975748930099857,0.16975748930099857,0.17146974063400575,1.010086455331412,0.0016951532455163898,1.0020666129132296
58,frozenset([375]),"frozenset([145, 378, 191])",0.9914407988587732,0.16975748930099857,0.16975748930099857,0.1712230215827338,1.00863309352518,0.0014529884961569095,1.0017683071802188
59,frozenset([191]),"frozenset([145, 378, 375])",0.16975748930099857,0.9843081312410842,0.16975748930099857,1.0,1.0159420289855072,0.0026638122429543387,inf
60,frozenset([378]),frozenset([165]),0.9900142653352354,0.9871611982881597,0.9871611982881597,0.9971181556195965,1.0100864553314122,0.009857529797456688,4.455064194008494
61,frozenset([165]),frozenset([378]),0.9871611982881597,0.9900142653352354,0.9871611982881597,1.0,1.0100864553314122,0.009857529797456688,inf
62,frozenset([375]),frozenset([263]),0.9914407988587732,0.07703281027104136,0.07703281027104136,0.0776978417266187,1.00863309352518,0.0006593393175838014,1.0007210559463748
63,frozenset([263]),frozenset([375]),0.07703281027104136,0.9914407988587732,0.07703281027104136,1.0,1.0086330935251797,0.0006593393175838014,inf
64,"frozenset([145, 165])",frozenset([375]),0.9871611982881597,0.9914407988587732,0.9843081312410842,0.9971098265895955,1.0057179689774192,0.005596244207887291,2.9614835948645486
65,"frozenset([145, 375])",frozenset([165]),0.9843081312410842,0.9871611982881597,0.9843081312410842,1.0,1.0130057803468209,0.01263733692035629,inf
66,"frozenset([165, 375])",frozenset([145]),0.9843081312410842,0.9871611982881597,0.9843081312410842,1.0,1.0130057803468209,0.01263733692035629,inf
67,frozenset([145]),"frozenset([165, 375])",0.9871611982881597,0.9843081312410842,0.9843081312410842,0.9971098265895955,1.0130057803468209,0.01263733692035629,5.429386590585032
68,frozenset([165]),"frozenset([145, 375])",0.9871611982881597,0.9843081312410842,0.9843081312410842,0.9971098265895955,1.0130057803468209,0.01263733692035629,5.429386590585032
69,frozenset([375]),"frozenset([145, 165])",0.9914407988587732,0.9871611982881597,0.9843081312410842,0.9928057553956834,1.0057179689774192,0.005596244207887291,1.7845934379457802
70,"frozenset([145, 378])",frozenset([191]),0.9871611982881597,0.16975748930099857,0.16975748930099857,0.17196531791907516,1.0130057803468209,0.002179482744235378,1.0026663479994922
71,"frozenset([145, 191])",frozenset([378]),0.16975748930099857,0.9900142653352354,0.16975748930099857,1.0,1.0100864553314122,0.0016951532455163898,inf
72,"frozenset([378, 191])",frozenset([145]),0.16975748930099857,0.9871611982881597,0.16975748930099857,1.0,1.0130057803468209,0.002179482744235378,inf
73,frozenset([145]),"frozenset([378, 191])",0.9871611982881597,0.16975748930099857,0.16975748930099857,0.17196531791907516,1.0130057803468209,0.002179482744235378,1.0026663479994922
74,frozenset([378]),"frozenset([145, 191])",0.9900142653352354,0.16975748930099857,0.16975748930099857,0.17146974063400575,1.010086455331412,0.0016951532455163898,1.0020666129132296
75,frozenset([191]),"frozenset([145, 378])",0.16975748930099857,0.9871611982881597,0.16975748930099857,1.0,1.0130057803468209,0.002179482744235378,inf
76,"frozenset([145, 378, 375])",frozenset([263]),0.9843081312410842,0.07703281027104136,0.07703281027104136,0.07826086956521738,1.0159420289855072,0.0012087887489036497,1.0013323284795306
77,"frozenset([145, 378, 263])",frozenset([375]),0.07703281027104136,0.9914407988587732,0.07703281027104136,1.0,1.0086330935251797,0.0006593393175838014,inf
78,"frozenset([145, 263, 375])",frozenset([378]),0.07703281027104136,0.9900142653352354,0.07703281027104136,1.0,1.0100864553314122,0.0007692292038477683,inf
79,"frozenset([378, 263, 375])",frozenset([145]),0.07703281027104136,0.9871611982881597,0.07703281027104136,1.0,1.0130057803468209,0.000989008976375716,inf
80,"frozenset([145, 378])","frozenset([263, 375])",0.9871611982881597,0.07703281027104136,0.07703281027104136,0.07803468208092486,1.0130057803468209,0.000989008976375716,1.001086669737366
81,"frozenset([145, 375])","frozenset([378, 263])",0.9843081312410842,0.07703281027104136,0.07703281027104136,0.07826086956521738,1.0159420289855072,0.0012087887489036497,1.0013323284795306
82,"frozenset([145, 263])","frozenset([378, 375])",0.07703281027104136,0.9871611982881597,0.07703281027104136,1.0,1.0130057803468209,0.000989008976375716,inf
83,"frozenset([378, 375])","frozenset([145, 263])",0.9871611982881597,0.07703281027104136,0.07703281027104136,0.07803468208092486,1.0130057803468209,0.000989008976375716,1.001086669737366
84,"frozenset([378, 263])","frozenset([145, 375])",0.07703281027104136,0.9843081312410842,0.07703281027104136,1.0,1.0159420289855072,0.0012087887489036497,inf
85,"frozenset([263, 375])","frozenset([145, 378])",0.07703281027104136,0.9871611982881597,0.07703281027104136,1.0,1.0130057803468209,0.000989008976375716,inf
86,frozenset([145]),"frozenset([378, 263, 375])",0.9871611982881597,0.07703281027104136,0.07703281027104136,0.07803468208092486,1.0130057803468209,0.000989008976375716,1.001086669737366
87,frozenset([378]),"frozenset([145, 263, 375])",0.9900142653352354,0.07703281027104136,0.07703281027104136,0.07780979827089336,1.0100864553314122,0.0007692292038477683,1.0008425463623396
88,frozenset([375]),"frozenset([145, 378, 263])",0.9914407988587732,0.07703281027104136,0.07703281027104136,0.0776978417266187,1.00863309352518,0.0006593393175838014,1.0007210559463748
89,frozenset([263]),"frozenset([145, 378, 375])",0.07703281027104136,0.9843081312410842,0.07703281027104136,1.0,1.0159420289855072,0.0012087887489036497,inf
90,frozenset([145]),frozenset([375]),0.9871611982881597,0.9914407988587732,0.9843081312410842,0.9971098265895955,1.0057179689774192,0.005596244207887291,2.9614835948645486
91,frozenset([375]),frozenset([145]),0.9914407988587732,0.9871611982881597,0.9843081312410842,0.9928057553956834,1.0057179689774192,0.005596244207887291,1.7845934379457802
92,frozenset([378]),frozenset([263]),0.9900142653352354,0.07703281027104136,0.07703281027104136,0.07780979827089336,1.0100864553314122,0.0007692292038477683,1.0008425463623396
93,frozenset([263]),frozenset([378]),0.07703281027104136,0.9900142653352354,0.07703281027104136,1.0,1.0100864553314122,0.0007692292038477683,inf
94,frozenset([165]),frozenset([191]),0.9871611982881597,0.16975748930099857,0.16975748930099857,0.17196531791907516,1.0130057803468209,0.002179482744235378,1.0026663479994922
95,frozenset([191]),frozenset([165]),0.16975748930099857,0.9871611982881597,0.16975748930099857,1.0,1.0130057803468209,0.002179482744235378,inf
96,frozenset([145]),frozenset([165]),0.9871611982881597,0.9871611982881597,0.9871611982881597,1.0,1.0130057803468209,0.012673966882444265,inf
97,frozenset([165]),frozenset([145]),0.9871611982881597,0.9871611982881597,0.9871611982881597,1.0,1.0130057803468209,0.012673966882444265,inf
98,"frozenset([378, 165, 375])",frozenset([191]),0.9843081312410842,0.16975748930099857,0.16975748930099857,0.17246376811594202,1.0159420289855072,0.0026638122429543387,1.003270284382331
99,"frozenset([378, 191, 375])",frozenset([165]),0.16975748930099857,0.9871611982881597,0.16975748930099857,1.0,1.0130057803468209,0.002179482744235378,inf
100,"frozenset([378, 165, 191])",frozenset([375]),0.16975748930099857,0.9914407988587732,0.16975748930099857,1.0,1.0086330935251797,0.0014529884961569095,inf
101,"frozenset([191, 165, 375])",frozenset([378]),0.16975748930099857,0.9900142653352354,0.16975748930099857,1.0,1.0100864553314122,0.0016951532455163898,inf
102,"frozenset([378, 375])","frozenset([165, 191])",0.9871611982881597,0.16975748930099857,0.16975748930099857,0.17196531791907516,1.0130057803468209,0.002179482744235378,1.0026663479994922
103,"frozenset([378, 165])","frozenset([191, 375])",0.9871611982881597,0.16975748930099857,0.16975748930099857,0.17196531791907516,1.0130057803468209,0.002179482744235378,1.0026663479994922
104,"frozenset([378, 191])","frozenset([165, 375])",0.16975748930099857,0.9843081312410842,0.16975748930099857,1.0,1.0159420289855072,0.0026638122429543387,inf
105,"frozenset([165, 375])","frozenset([378, 191])",0.9843081312410842,0.16975748930099857,0.16975748930099857,0.17246376811594202,1.0159420289855072,0.0026638122429543387,1.003270284382331
106,"frozenset([191, 375])","frozenset([378, 165])",0.16975748930099857,0.9871611982881597,0.16975748930099857,1.0,1.0130057803468209,0.002179482744235378,inf
107,"frozenset([165, 191])","frozenset([378, 375])",0.16975748930099857,0.9871611982881597,0.16975748930099857,1.0,1.0130057803468209,0.002179482744235378,inf
108,frozenset([378]),"frozenset([191, 165, 375])",0.9900142653352354,0.16975748930099857,0.16975748930099857,0.17146974063400575,1.010086455331412,0.0016951532455163898,1.0020666129132296
109,frozenset([375]),"frozenset([378, 165, 191])",0.9914407988587732,0.16975748930099857,0.16975748930099857,0.1712230215827338,1.00863309352518,0.0014529884961569095,1.0017683071802188
110,frozenset([165]),"frozenset([378, 191, 375])",0.9871611982881597,0.16975748930099857,0.16975748930099857,0.17196531791907516,1.0130057803468209,0.002179482744235378,1.0026663479994922
111,frozenset([191]),"frozenset([378, 165, 375])",0.16975748930099857,0.9843081312410842,0.16975748930099857,1.0,1.0159420289855072,0.0026638122429543387,inf
112,"frozenset([378, 165])",frozenset([375]),0.9871611982881597,0.9914407988587732,0.9843081312410842,0.9971098265895955,1.0057179689774192,0.005596244207887291,2.9614835948645486
113,"frozenset([378, 375])",frozenset([165]),0.9871611982881597,0.9871611982881597,0.9843081312410842,0.9971098265895955,1.0100780179758764,0.009820899835368713,4.442225392296861
114,"frozenset([165, 375])",frozenset([378]),0.9843081312410842,0.9900142653352354,0.9843081312410842,1.0,1.0100864553314122,0.00982903982694372,inf
115,frozenset([378]),"frozenset([165, 375])",0.9900142653352354,0.9843081312410842,0.9843081312410842,0.9942363112391931,1.0100864553314122,0.00982903982694372,2.722539229671899
116,frozenset([165]),"frozenset([378, 375])",0.9871611982881597,0.9871611982881597,0.9843081312410842,0.9971098265895955,1.0100780179758764,0.009820899835368713,4.442225392296861
117,frozenset([375]),"frozenset([378, 165])",0.9914407988587732,0.9871611982881597,0.9843081312410842,0.9928057553956834,1.0057179689774192,0.005596244207887291,1.7845934379457802
118,frozenset([165]),frozenset([263]),0.9871611982881597,0.07703281027104136,0.07703281027104136,0.07803468208092486,1.0130057803468209,0.000989008976375716,1.001086669737366
119,frozenset([263]),frozenset([165]),0.07703281027104136,0.9871611982881597,0.07703281027104136,1.0,1.0130057803468209,0.000989008976375716,inf
120,"frozenset([336, 145, 378, 165])",frozenset([375]),0.10699001426533523,0.9914407988587732,0.10699001426533523,1.0,1.0086330935251797,0.0009157490521997241,inf
121,"frozenset([336, 145, 378, 375])",frozenset([165]),0.10699001426533523,0.9871611982881597,0.10699001426533523,1.0,1.0130057803468209,0.001373623578299607,inf
122,"frozenset([336, 145, 165, 375])",frozenset([378]),0.10699001426533523,0.9900142653352354,0.10699001426533523,1.0,1.0100864553314122,0.0010683738942330184,inf
123,"frozenset([336, 378, 165, 375])",frozenset([145]),0.10699001426533523,0.9871611982881597,0.10699001426533523,1.0,1.0130057803468209,0.001373623578299607,inf
124,"frozenset([145, 378, 165, 375])",frozenset([336]),0.9843081312410842,0.10841654778887304,0.10699001426533523,0.10869565217391304,1.0025743707093822,0.0002747247156599103,1.000313141505167
125,"frozenset([336, 145, 378])","frozenset([165, 375])",0.10699001426533523,0.9843081312410842,0.10699001426533523,1.0,1.0159420289855072,0.0016788732623661679,inf
126,"frozenset([336, 145, 165])","frozenset([378, 375])",0.10699001426533523,0.9871611982881597,0.10699001426533523,1.0,1.0130057803468209,0.001373623578299607,inf
127,"frozenset([336, 145, 375])","frozenset([378, 165])",0.10699001426533523,0.9871611982881597,0.10699001426533523,1.0,1.0130057803468209,0.001373623578299607,inf
128,"frozenset([336, 378, 165])","frozenset([145, 375])",0.10699001426533523,0.9843081312410842,0.10699001426533523,1.0,1.0159420289855072,0.0016788732623661679,inf
129,"frozenset([336, 378, 375])","frozenset([145, 165])",0.10699001426533523,0.9871611982881597,0.10699001426533523,1.0,1.0130057803468209,0.001373623578299607,inf
130,"frozenset([336, 165, 375])","frozenset([145, 378])",0.10699001426533523,0.9871611982881597,0.10699001426533523,1.0,1.0130057803468209,0.001373623578299607,inf
131,"frozenset([145, 378, 375])","frozenset([336, 165])",0.9843081312410842,0.10699001426533523,0.10699001426533523,0.10869565217391304,1.0159420289855072,0.0016788732623661679,1.001913642531575
132,"frozenset([145, 165, 375])","frozenset([336, 378])",0.9843081312410842,0.10699001426533523,0.10699001426533523,0.10869565217391304,1.0159420289855072,0.0016788732623661679,1.001913642531575
133,"frozenset([378, 165, 375])","frozenset([336, 145])",0.9843081312410842,0.10699001426533523,0.10699001426533523,0.10869565217391304,1.0159420289855072,0.0016788732623661679,1.001913642531575
134,"frozenset([336, 145])","frozenset([378, 165, 375])",0.10699001426533523,0.9843081312410842,0.10699001426533523,1.0,1.0159420289855072,0.0016788732623661679,inf
135,"frozenset([336, 378])","frozenset([145, 165, 375])",0.10699001426533523,0.9843081312410842,0.10699001426533523,1.0,1.0159420289855072,0.0016788732623661679,inf
136,"frozenset([336, 165])","frozenset([145, 378, 375])",0.10699001426533523,0.9843081312410842,0.10699001426533523,1.0,1.0159420289855072,0.0016788732623661679,inf
137,"frozenset([145, 378])","frozenset([336, 165, 375])",0.9871611982881597,0.10699001426533523,0.10699001426533523,0.10838150289017341,1.0130057803468209,0.001373623578299607,1.001560632298846
138,"frozenset([145, 165])","frozenset([336, 378, 375])",0.9871611982881597,0.10699001426533523,0.10699001426533523,0.10838150289017341,1.0130057803468209,0.001373623578299607,1.001560632298846
139,"frozenset([145, 375])","frozenset([336, 378, 165])",0.9843081312410842,0.10699001426533523,0.10699001426533523,0.10869565217391304,1.0159420289855072,0.0016788732623661679,1.001913642531575
140,"frozenset([378, 165])","frozenset([336, 145, 375])",0.9871611982881597,0.10699001426533523,0.10699001426533523,0.10838150289017341,1.0130057803468209,0.001373623578299607,1.001560632298846
141,"frozenset([378, 375])","frozenset([336, 145, 165])",0.9871611982881597,0.10699001426533523,0.10699001426533523,0.10838150289017341,1.0130057803468209,0.001373623578299607,1.001560632298846
142,"frozenset([165, 375])","frozenset([336, 145, 378])",0.9843081312410842,0.10699001426533523,0.10699001426533523,0.10869565217391304,1.0159420289855072,0.0016788732623661679,1.001913642531575
143,frozenset([336]),"frozenset([145, 378, 165, 375])",0.10841654778887304,0.9843081312410842,0.10699001426533523,0.9868421052631579,1.0025743707093822,0.0002747247156599103,1.1925820256775983
144,frozenset([145]),"frozenset([336, 378, 165, 375])",0.9871611982881597,0.10699001426533523,0.10699001426533523,0.10838150289017341,1.0130057803468209,0.001373623578299607,1.001560632298846
145,frozenset([378]),"frozenset([336, 145, 165, 375])",0.9900142653352354,0.10699001426533523,0.10699001426533523,0.10806916426512968,1.0100864553314122,0.0010683738942330184,1.0012099032307873
146,frozenset([165]),"frozenset([336, 145, 378, 375])",0.9871611982881597,0.10699001426533523,0.10699001426533523,0.10838150289017341,1.0130057803468209,0.001373623578299607,1.001560632298846
147,frozenset([375]),"frozenset([336, 145, 378, 165])",0.9914407988587732,0.10699001426533523,0.10699001426533523,0.1079136690647482,1.0086330935251797,0.0009157490521997241,1.0010353872348259
148,frozenset([145]),frozenset([263]),0.9871611982881597,0.07703281027104136,0.07703281027104136,0.07803468208092486,1.0130057803468209,0.000989008976375716,1.001086669737366
149,frozenset([263]),frozenset([145]),0.07703281027104136,0.9871611982881597,0.07703281027104136,1.0,1.0130057803468209,0.000989008976375716,inf
150,"frozenset([145, 165])",frozenset([191]),0.9871611982881597,0.16975748930099857,0.16975748930099857,0.17196531791907516,1.0130057803468209,0.002179482744235378,1.0026663479994922
151,"frozenset([145, 191])",frozenset([165]),0.16975748930099857,0.9871611982881597,0.16975748930099857,1.0,1.0130057803468209,0.002179482744235378,inf
152,"frozenset([165, 191])",frozenset([145]),0.16975748930099857,0.9871611982881597,0.16975748930099857,1.0,1.0130057803468209,0.002179482744235378,inf
153,frozenset([145]),"frozenset([165, 191])",0.9871611982881597,0.16975748930099857,0.16975748930099857,0.17196531791907516,1.0130057803468209,0.002179482744235378,1.0026663479994922
154,frozenset([165]),"frozenset([145, 191])",0.9871611982881597,0.16975748930099857,0.16975748930099857,0.17196531791907516,1.0130057803468209,0.002179482744235378,1.0026663479994922
155,frozenset([191]),"frozenset([145, 165])",0.16975748930099857,0.9871611982881597,0.16975748930099857,1.0,1.0130057803468209,0.002179482744235378,inf
156,"frozenset([145, 378])",frozenset([263]),0.9871611982881597,0.07703281027104136,0.07703281027104136,0.07803468208092486,1.0130057803468209,0.000989008976375716,1.001086669737366
157,"frozenset([145, 263])",frozenset([378]),0.07703281027104136,0.9900142653352354,0.07703281027104136,1.0,1.0100864553314122,0.0007692292038477683,inf
158,"frozenset([378, 263])",frozenset([145]),0.07703281027104136,0.9871611982881597,0.07703281027104136,1.0,1.0130057803468209,0.000989008976375716,inf
159,frozenset([145]),"frozenset([378, 263])",0.9871611982881597,0.07703281027104136,0.07703281027104136,0.07803468208092486,1.0130057803468209,0.000989008976375716,1.001086669737366
160,frozenset([378]),"frozenset([145, 263])",0.9900142653352354,0.07703281027104136,0.07703281027104136,0.07780979827089336,1.0100864553314122,0.0007692292038477683,1.0008425463623396
161,frozenset([263]),"frozenset([145, 378])",0.07703281027104136,0.9871611982881597,0.07703281027104136,1.0,1.0130057803468209,0.000989008976375716,inf
162,frozenset([336]),frozenset([375]),0.10841654778887304,0.9914407988587732,0.10841654778887304,1.0,1.0086330935251797,0.0009279590395623871,inf
163,frozenset([375]),frozenset([336]),0.9914407988587732,0.10841654778887304,0.10841654778887304,0.1093525179856115,1.0086330935251797,0.0009279590395623871,1.0010508873775983
164,"frozenset([145, 378, 165])",frozenset([375]),0.9871611982881597,0.9914407988587732,0.9843081312410842,0.9971098265895955,1.0057179689774192,0.005596244207887291,2.9614835948645486
165,"frozenset([145, 378, 375])",frozenset([165]),0.9843081312410842,0.9871611982881597,0.9843081312410842,1.0,1.0130057803468209,0.01263733692035629,inf
166,"frozenset([145, 165, 375])",frozenset([378]),0.9843081312410842,0.9900142653352354,0.9843081312410842,1.0,1.0100864553314122,0.00982903982694372,inf
167,"frozenset([378, 165, 375])",frozenset([145]),0.9843081312410842,0.9871611982881597,0.9843081312410842,1.0,1.0130057803468209,0.01263733692035629,inf
168,"frozenset([145, 378])","frozenset([165, 375])",0.9871611982881597,0.9843081312410842,0.9843081312410842,0.9971098265895955,1.0130057803468209,0.01263733692035629,5.429386590585032
169,"frozenset([145, 165])","frozenset([378, 375])",0.9871611982881597,0.9871611982881597,0.9843081312410842,0.9971098265895955,1.0100780179758764,0.009820899835368713,4.442225392296861
170,"frozenset([145, 375])","frozenset([378, 165])",0.9843081312410842,0.9871611982881597,0.9843081312410842,1.0,1.0130057803468209,0.01263733692035629,inf
171,"frozenset([378, 165])","frozenset([145, 375])",0.9871611982881597,0.9843081312410842,0.9843081312410842,0.9971098265895955,1.0130057803468209,0.01263733692035629,5.429386590585032
172,"frozenset([378, 375])","frozenset([145, 165])",0.9871611982881597,0.9871611982881597,0.9843081312410842,0.9971098265895955,1.0100780179758764,0.009820899835368713,4.442225392296861
173,"frozenset([165, 375])","frozenset([145, 378])",0.9843081312410842,0.9871611982881597,0.9843081312410842,1.0,1.0130057803468209,0.01263733692035629,inf
174,frozenset([145]),"frozenset([378, 165, 375])",0.9871611982881597,0.9843081312410842,0.9843081312410842,0.9971098265895955,1.0130057803468209,0.01263733692035629,5.429386590585032
175,frozenset([378]),"frozenset([145, 165, 375])",0.9900142653352354,0.9843081312410842,0.9843081312410842,0.9942363112391931,1.0100864553314122,0.00982903982694372,2.722539229671899
176,frozenset([165]),"frozenset([145, 378, 375])",0.9871611982881597,0.9843081312410842,0.9843081312410842,0.9971098265895955,1.0130057803468209,0.01263733692035629,5.429386590585032
177,frozenset([375]),"frozenset([145, 378, 165])",0.9914407988587732,0.9871611982881597,0.9843081312410842,0.9928057553956834,1.0057179689774192,0.005596244207887291,1.7845934379457802
178,"frozenset([336, 165])",frozenset([375]),0.10699001426533523,0.9914407988587732,0.10699001426533523,1.0,1.0086330935251797,0.0009157490521997241,inf
179,"frozenset([165, 375])",frozenset([336]),0.9843081312410842,0.10841654778887304,0.10699001426533523,0.10869565217391304,1.0025743707093822,0.0002747247156599103,1.000313141505167
180,frozenset([336]),"frozenset([165, 375])",0.10841654778887304,0.9843081312410842,0.10699001426533523,0.9868421052631579,1.0025743707093822,0.0002747247156599103,1.1925820256775983
181,frozenset([375]),"frozenset([336, 165])",0.9914407988587732,0.10699001426533523,0.10699001426533523,0.1079136690647482,1.0086330935251797,0.0009157490521997241,1.0010353872348259
182,frozenset([165]),frozenset([375]),0.9871611982881597,0.9914407988587732,0.9843081312410842,0.9971098265895955,1.0057179689774192,0.005596244207887291,2.9614835948645486
183,frozenset([375]),frozenset([165]),0.9914407988587732,0.9871611982881597,0.9843081312410842,0.9928057553956834,1.0057179689774192,0.005596244207887291,1.7845934379457802
184,"frozenset([145, 375])",frozenset([263]),0.9843081312410842,0.07703281027104136,0.07703281027104136,0.07826086956521738,1.0159420289855072,0.0012087887489036497,1.0013323284795306
185,"frozenset([145, 263])",frozenset([375]),0.07703281027104136,0.9914407988587732,0.07703281027104136,1.0,1.0086330935251797,0.0006593393175838014,inf
186,"frozenset([263, 375])",frozenset([145]),0.07703281027104136,0.9871611982881597,0.07703281027104136,1.0,1.0130057803468209,0.000989008976375716,inf
187,frozenset([145]),"frozenset([263, 375])",0.9871611982881597,0.07703281027104136,0.07703281027104136,0.07803468208092486,1.0130057803468209,0.000989008976375716,1.001086669737366
188,frozenset([375]),"frozenset([145, 263])",0.9914407988587732,0.07703281027104136,0.07703281027104136,0.0776978417266187,1.00863309352518,0.0006593393175838014,1.0007210559463748
189,frozenset([263]),"frozenset([145, 375])",0.07703281027104136,0.9843081312410842,0.07703281027104136,1.0,1.0159420289855072,0.0012087887489036497,inf
190,"frozenset([378, 165])",frozenset([191]),0.9871611982881597,0.16975748930099857,0.16975748930099857,0.17196531791907516,1.0130057803468209,0.002179482744235378,1.0026663479994922
191,"frozenset([378, 191])",frozenset([165]),0.16975748930099857,0.9871611982881597,0.16975748930099857,1.0,1.0130057803468209,0.002179482744235378,inf
192,"frozenset([165, 191])",frozenset([378]),0.16975748930099857,0.9900142653352354,0.16975748930099857,1.0,1.0100864553314122,0.0016951532455163898,inf
193,frozenset([378]),"frozenset([165, 191])",0.9900142653352354,0.16975748930099857,0.16975748930099857,0.17146974063400575,1.010086455331412,0.0016951532455163898,1.0020666129132296
194,frozenset([165]),"frozenset([378, 191])",0.9871611982881597,0.16975748930099857,0.16975748930099857,0.17196531791907516,1.0130057803468209,0.002179482744235378,1.0026663479994922
195,frozenset([191]),"frozenset([378, 165])",0.16975748930099857,0.9871611982881597,0.16975748930099857,1.0,1.0130057803468209,0.002179482744235378,inf
196,"frozenset([336, 145, 378])",frozenset([165]),0.10699001426533523,0.9871611982881597,0.10699001426533523,1.0,1.0130057803468209,0.001373623578299607,inf
197,"frozenset([336, 145, 165])",frozenset([378]),0.10699001426533523,0.9900142653352354,0.10699001426533523,1.0,1.0100864553314122,0.0010683738942330184,inf
198,"frozenset([336, 378, 165])",frozenset([145]),0.10699001426533523,0.9871611982881597,0.10699001426533523,1.0,1.0130057803468209,0.001373623578299607,inf
199,"frozenset([336, 145])","frozenset([378, 165])",0.10699001426533523,0.9871611982881597,0.10699001426533523,1.0,1.0130057803468209,0.001373623578299607,inf
200,"frozenset([336, 378])","frozenset([145, 165])",0.10699001426533523,0.9871611982881597,0.10699001426533523,1.0,1.0130057803468209,0.001373623578299607,inf
201,"frozenset([336, 165])","frozenset([145, 378])",0.10699001426533523,0.9871611982881597,0.10699001426533523,1.0,1.0130057803468209,0.001373623578299607,inf
202,"frozenset([145, 378])","frozenset([336, 165])",0.9871611982881597,0.10699001426533523,0.10699001426533523,0.10838150289017341,1.0130057803468209,0.001373623578299607,1.001560632298846
203,"frozenset([145, 165])","frozenset([336, 378])",0.9871611982881597,0.10699001426533523,0.10699001426533523,0.10838150289017341,1.0130057803468209,0.001373623578299607,1.001560632298846
204,"frozenset([378, 165])","frozenset([336, 145])",0.9871611982881597,0.10699001426533523,0.10699001426533523,0.10838150289017341,1.0130057803468209,0.001373623578299607,1.001560632298846
205,frozenset([145]),"frozenset([336, 378, 165])",0.9871611982881597,0.10699001426533523,0.10699001426533523,0.10838150289017341,1.0130057803468209,0.001373623578299607,1.001560632298846
206,frozenset([378]),"frozenset([336, 145, 165])",0.9900142653352354,0.10699001426533523,0.10699001426533523,0.10806916426512968,1.0100864553314122,0.0010683738942330184,1.0012099032307873
207,frozenset([165]),"frozenset([336, 145, 378])",0.9871611982881597,0.10699001426533523,0.10699001426533523,0.10838150289017341,1.0130057803468209,0.001373623578299607,1.001560632298846
208,"frozenset([336, 378])",frozenset([165]),0.10699001426533523,0.9871611982881597,0.10699001426533523,1.0,1.0130057803468209,0.001373623578299607,inf
209,"frozenset([336, 165])",frozenset([378]),0.10699001426533523,0.9900142653352354,0.10699001426533523,1.0,1.0100864553314122,0.0010683738942330184,inf
210,frozenset([378]),"frozenset([336, 165])",0.9900142653352354,0.10699001426533523,0.10699001426533523,0.10806916426512968,1.0100864553314122,0.0010683738942330184,1.0012099032307873
211,frozenset([165]),"frozenset([336, 378])",0.9871611982881597,0.10699001426533523,0.10699001426533523,0.10838150289017341,1.0130057803468209,0.001373623578299607,1.001560632298846
212,"frozenset([145, 378, 165])",frozenset([191]),0.9871611982881597,0.16975748930099857,0.16975748930099857,0.17196531791907516,1.0130057803468209,0.002179482744235378,1.0026663479994922
213,"frozenset([145, 378, 191])",frozenset([165]),0.16975748930099857,0.9871611982881597,0.16975748930099857,1.0,1.0130057803468209,0.002179482744235378,inf
214,"frozenset([145, 165, 191])",frozenset([378]),0.16975748930099857,0.9900142653352354,0.16975748930099857,1.0,1.0100864553314122,0.0016951532455163898,inf
215,"frozenset([378, 165, 191])",frozenset([145]),0.16975748930099857,0.9871611982881597,0.16975748930099857,1.0,1.0130057803468209,0.002179482744235378,inf
216,"frozenset([145, 378])","frozenset([165, 191])",0.9871611982881597,0.16975748930099857,0.16975748930099857,0.17196531791907516,1.0130057803468209,0.002179482744235378,1.0026663479994922
217,"frozenset([145, 165])","frozenset([378, 191])",0.9871611982881597,0.16975748930099857,0.16975748930099857,0.17196531791907516,1.0130057803468209,0.002179482744235378,1.0026663479994922
218,"frozenset([145, 191])","frozenset([378, 165])",0.16975748930099857,0.9871611982881597,0.16975748930099857,1.0,1.0130057803468209,0.002179482744235378,inf
219,"frozenset([378, 165])","frozenset([145, 191])",0.9871611982881597,0.16975748930099857,0.16975748930099857,0.17196531791907516,1.0130057803468209,0.002179482744235378,1.0026663479994922
220,"frozenset([378, 191])","frozenset([145, 165])",0.16975748930099857,0.9871611982881597,0.16975748930099857,1.0,1.0130057803468209,0.002179482744235378,inf
221,"frozenset([165, 191])","frozenset([145, 378])",0.16975748930099857,0.9871611982881597,0.16975748930099857,1.0,1.0130057803468209,0.002179482744235378,inf
222,frozenset([145]),"frozenset([378, 165, 191])",0.9871611982881597,0.16975748930099857,0.16975748930099857,0.17196531791907516,1.0130057803468209,0.002179482744235378,1.0026663479994922
223,frozenset([378]),"frozenset([145, 165, 191])",0.9900142653352354,0.16975748930099857,0.16975748930099857,0.17146974063400575,1.010086455331412,0.0016951532455163898,1.0020666129132296
224,frozenset([165]),"frozenset([145, 378, 191])",0.9871611982881597,0.16975748930099857,0.16975748930099857,0.17196531791907516,1.0130057803468209,0.002179482744235378,1.0026663479994922
225,frozenset([191]),"frozenset([145, 378, 165])",0.16975748930099857,0.9871611982881597,0.16975748930099857,1.0,1.0130057803468209,0.002179482744235378,inf
226,"frozenset([336, 378])",frozenset([375]),0.10699001426533523,0.9914407988587732,0.10699001426533523,1.0,1.0086330935251797,0.0009157490521997241,inf
227,frozenset([375]),"frozenset([336, 378])",0.9914407988587732,0.10699001426533523,0.10699001426533523,0.1079136690647482,1.0086330935251797,0.0009157490521997241,1.0010353872348259
228,"frozenset([336, 378, 165])",frozenset([375]),0.10699001426533523,0.9914407988587732,0.10699001426533523,1.0,1.0086330935251797,0.0009157490521997241,inf
229,"frozenset([336, 378, 375])",frozenset([165]),0.10699001426533523,0.9871611982881597,0.10699001426533523,1.0,1.0130057803468209,0.001373623578299607,inf
230,"frozenset([336, 165, 375])",frozenset([378]),0.10699001426533523,0.9900142653352354,0.10699001426533523,1.0,1.0100864553314122,0.0010683738942330184,inf
231,"frozenset([378, 165, 375])",frozenset([336]),0.9843081312410842,0.10841654778887304,0.10699001426533523,0.10869565217391304,1.0025743707093822,0.0002747247156599103,1.000313141505167
232,"frozenset([336, 378])","frozenset([165, 375])",0.10699001426533523,0.9843081312410842,0.10699001426533523,1.0,1.0159420289855072,0.0016788732623661679,inf
233,"frozenset([336, 165])","frozenset([378, 375])",0.10699001426533523,0.9871611982881597,0.10699001426533523,1.0,1.0130057803468209,0.001373623578299607,inf
234,"frozenset([378, 375])","frozenset([336, 165])",0.9871611982881597,0.10699001426533523,0.10699001426533523,0.10838150289017341,1.0130057803468209,0.001373623578299607,1.001560632298846
235,"frozenset([165, 375])","frozenset([336, 378])",0.9843081312410842,0.10699001426533523,0.10699001426533523,0.10869565217391304,1.0159420289855072,0.0016788732623661679,1.001913642531575
236,frozenset([336]),"frozenset([378, 165, 375])",0.10841654778887304,0.9843081312410842,0.10699001426533523,0.9868421052631579,1.0025743707093822,0.0002747247156599103,1.1925820256775983
237,frozenset([378]),"frozenset([336, 165, 375])",0.9900142653352354,0.10699001426533523,0.10699001426533523,0.10806916426512968,1.0100864553314122,0.0010683738942330184,1.0012099032307873
238,frozenset([165]),"frozenset([336, 378, 375])",0.9871611982881597,0.10699001426533523,0.10699001426533523,0.10838150289017341,1.0130057803468209,0.001373623578299607,1.001560632298846
239,frozenset([375]),"frozenset([336, 378, 165])",0.9914407988587732,0.10699001426533523,0.10699001426533523,0.1079136690647482,1.0086330935251797,0.0009157490521997241,1.0010353872348259
240,"frozenset([336, 145])",frozenset([165]),0.10699001426533523,0.9871611982881597,0.10699001426533523,1.0,1.0130057803468209,0.001373623578299607,inf
241,"frozenset([336, 165])",frozenset([145]),0.10699001426533523,0.9871611982881597,0.10699001426533523,1.0,1.0130057803468209,0.001373623578299607,inf
242,frozenset([145]),"frozenset([336, 165])",0.9871611982881597,0.10699001426533523,0.10699001426533523,0.10838150289017341,1.0130057803468209,0.001373623578299607,1.001560632298846
243,frozenset([165]),"frozenset([336, 145])",0.9871611982881597,0.10699001426533523,0.10699001426533523,0.10838150289017341,1.0130057803468209,0.001373623578299607,1.001560632298846
244,frozenset([375]),frozenset([191]),0.9914407988587732,0.16975748930099857,0.16975748930099857,0.1712230215827338,1.00863309352518,0.0014529884961569095,1.0017683071802188
245,frozenset([191]),frozenset([375]),0.16975748930099857,0.9914407988587732,0.16975748930099857,1.0,1.0086330935251797,0.0014529884961569095,inf
246,"frozenset([336, 145, 378])",frozenset([375]),0.10699001426533523,0.9914407988587732,0.10699001426533523,1.0,1.0086330935251797,0.0009157490521997241,inf
247,"frozenset([336, 145, 375])",frozenset([378]),0.10699001426533523,0.9900142653352354,0.10699001426533523,1.0,1.0100864553314122,0.0010683738942330184,inf
248,"frozenset([336, 378, 375])",frozenset([145]),0.10699001426533523,0.9871611982881597,0.10699001426533523,1.0,1.0130057803468209,0.001373623578299607,inf
249,"frozenset([145, 378, 375])",frozenset([336]),0.9843081312410842,0.10841654778887304,0.10699001426533523,0.10869565217391304,1.0025743707093822,0.0002747247156599103,1.000313141505167
250,"frozenset([336, 145])","frozenset([378, 375])",0.10699001426533523,0.9871611982881597,0.10699001426533523,1.0,1.0130057803468209,0.001373623578299607,inf
251,"frozenset([336, 378])","frozenset([145, 375])",0.10699001426533523,0.9843081312410842,0.10699001426533523,1.0,1.0159420289855072,0.0016788732623661679,inf
252,"frozenset([145, 375])","frozenset([336, 378])",0.9843081312410842,0.10699001426533523,0.10699001426533523,0.10869565217391304,1.0159420289855072,0.0016788732623661679,1.001913642531575
253,"frozenset([378, 375])","frozenset([336, 145])",0.9871611982881597,0.10699001426533523,0.10699001426533523,0.10838150289017341,1.0130057803468209,0.001373623578299607,1.001560632298846
254,frozenset([336]),"frozenset([145, 378, 375])",0.10841654778887304,0.9843081312410842,0.10699001426533523,0.9868421052631579,1.0025743707093822,0.0002747247156599103,1.1925820256775983
255,frozenset([145]),"frozenset([336, 378, 375])",0.9871611982881597,0.10699001426533523,0.10699001426533523,0.10838150289017341,1.0130057803468209,0.001373623578299607,1.001560632298846
256,frozenset([378]),"frozenset([336, 145, 375])",0.9900142653352354,0.10699001426533523,0.10699001426533523,0.10806916426512968,1.0100864553314122,0.0010683738942330184,1.0012099032307873
257,frozenset([375]),"frozenset([336, 145, 378])",0.9914407988587732,0.10699001426533523,0.10699001426533523,0.1079136690647482,1.0086330935251797,0.0009157490521997241,1.0010353872348259
258,"frozenset([165, 375])",frozenset([263]),0.9843081312410842,0.07703281027104136,0.07703281027104136,0.07826086956521738,1.0159420289855072,0.0012087887489036497,1.0013323284795306
259,"frozenset([263, 375])",frozenset([165]),0.07703281027104136,0.9871611982881597,0.07703281027104136,1.0,1.0130057803468209,0.000989008976375716,inf
260,"frozenset([165, 263])",frozenset([375]),0.07703281027104136,0.9914407988587732,0.07703281027104136,1.0,1.0086330935251797,0.0006593393175838014,inf
261,frozenset([375]),"frozenset([165, 263])",0.9914407988587732,0.07703281027104136,0.07703281027104136,0.0776978417266187,1.00863309352518,0.0006593393175838014,1.0007210559463748
262,frozenset([165]),"frozenset([263, 375])",0.9871611982881597,0.07703281027104136,0.07703281027104136,0.07803468208092486,1.0130057803468209,0.000989008976375716,1.001086669737366
263,frozenset([263]),"frozenset([165, 375])",0.07703281027104136,0.9843081312410842,0.07703281027104136,1.0,1.0159420289855072,0.0012087887489036497,inf
264,"frozenset([336, 145])",frozenset([375]),0.10699001426533523,0.9914407988587732,0.10699001426533523,1.0,1.0086330935251797,0.0009157490521997241,inf
265,"frozenset([145, 375])",frozenset([336]),0.9843081312410842,0.10841654778887304,0.10699001426533523,0.10869565217391304,1.0025743707093822,0.0002747247156599103,1.000313141505167
266,frozenset([336]),"frozenset([145, 375])",0.10841654778887304,0.9843081312410842,0.10699001426533523,0.9868421052631579,1.0025743707093822,0.0002747247156599103,1.1925820256775983
267,frozenset([375]),"frozenset([336, 145])",0.9914407988587732,0.10699001426533523,0.10699001426533523,0.1079136690647482,1.0086330935251797,0.0009157490521997241,1.0010353872348259
268,frozenset([145]),frozenset([378]),0.9871611982881597,0.9900142653352354,0.9871611982881597,1.0,1.0100864553314122,0.009857529797456688,inf
269,frozenset([378]),frozenset([145]),0.9900142653352354,0.9871611982881597,0.9871611982881597,0.9971181556195965,1.0100864553314122,0.009857529797456688,4.455064194008494
270,"frozenset([378, 165, 375])",frozenset([263]),0.9843081312410842,0.07703281027104136,0.07703281027104136,0.07826086956521738,1.0159420289855072,0.0012087887489036497,1.0013323284795306
271,"frozenset([378, 263, 375])",frozenset([165]),0.07703281027104136,0.9871611982881597,0.07703281027104136,1.0,1.0130057803468209,0.000989008976375716,inf
272,"frozenset([378, 165, 263])",frozenset([375]),0.07703281027104136,0.9914407988587732,0.07703281027104136,1.0,1.0086330935251797,0.0006593393175838014,inf
273,"frozenset([263, 165, 375])",frozenset([378]),0.07703281027104136,0.9900142653352354,0.07703281027104136,1.0,1.0100864553314122,0.0007692292038477683,inf
274,"frozenset([378, 375])","frozenset([165, 263])",0.9871611982881597,0.07703281027104136,0.07703281027104136,0.07803468208092486,1.0130057803468209,0.000989008976375716,1.001086669737366
275,"frozenset([378, 165])","frozenset([263, 375])",0.9871611982881597,0.07703281027104136,0.07703281027104136,0.07803468208092486,1.0130057803468209,0.000989008976375716,1.001086669737366
276,"frozenset([378, 263])","frozenset([165, 375])",0.07703281027104136,0.9843081312410842,0.07703281027104136,1.0,1.0159420289855072,0.0012087887489036497,inf
277,"frozenset([165, 375])","frozenset([378, 263])",0.9843081312410842,0.07703281027104136,0.07703281027104136,0.07826086956521738,1.0159420289855072,0.0012087887489036497,1.0013323284795306
278,"frozenset([263, 375])","frozenset([378, 165])",0.07703281027104136,0.9871611982881597,0.07703281027104136,1.0,1.0130057803468209,0.000989008976375716,inf
279,"frozenset([165, 263])","frozenset([378, 375])",0.07703281027104136,0.9871611982881597,0.07703281027104136,1.0,1.0130057803468209,0.000989008976375716,inf
280,frozenset([378]),"frozenset([263, 165, 375])",0.9900142653352354,0.07703281027104136,0.07703281027104136,0.07780979827089336,1.0100864553314122,0.0007692292038477683,1.0008425463623396
281,frozenset([375]),"frozenset([378, 165, 263])",0.9914407988587732,0.07703281027104136,0.07703281027104136,0.0776978417266187,1.00863309352518,0.0006593393175838014,1.0007210559463748
282,frozenset([165]),"frozenset([378, 263, 375])",0.9871611982881597,0.07703281027104136,0.07703281027104136,0.07803468208092486,1.0130057803468209,0.000989008976375716,1.001086669737366
283,frozenset([263]),"frozenset([378, 165, 375])",0.07703281027104136,0.9843081312410842,0.07703281027104136,1.0,1.0159420289855072,0.0012087887489036497,inf
284,"frozenset([145, 165, 375])",frozenset([263]),0.9843081312410842,0.07703281027104136,0.07703281027104136,0.07826086956521738,1.0159420289855072,0.0012087887489036497,1.0013323284795306
285,"frozenset([145, 263, 375])",frozenset([165]),0.07703281027104136,0.9871611982881597,0.07703281027104136,1.0,1.0130057803468209,0.000989008976375716,inf
286,"frozenset([145, 165, 263])",frozenset([375]),0.07703281027104136,0.9914407988587732,0.07703281027104136,1.0,1.0086330935251797,0.0006593393175838014,inf
287,"frozenset([263, 165, 375])",frozenset([145]),0.07703281027104136,0.9871611982881597,0.07703281027104136,1.0,1.0130057803468209,0.000989008976375716,inf
288,"frozenset([145, 375])","frozenset([165, 263])",0.9843081312410842,0.07703281027104136,0.07703281027104136,0.07826086956521738,1.0159420289855072,0.0012087887489036497,1.0013323284795306
289,"frozenset([145, 165])","frozenset([263, 375])",0.9871611982881597,0.07703281027104136,0.07703281027104136,0.07803468208092486,1.0130057803468209,0.000989008976375716,1.001086669737366
290,"frozenset([145, 263])","frozenset([165, 375])",0.07703281027104136,0.9843081312410842,0.07703281027104136,1.0,1.0159420289855072,0.0012087887489036497,inf
291,"frozenset([165, 375])","frozenset([145, 263])",0.9843081312410842,0.07703281027104136,0.07703281027104136,0.07826086956521738,1.0159420289855072,0.0012087887489036497,1.0013323284795306
292,"frozenset([263, 375])","frozenset([145, 165])",0.07703281027104136,0.9871611982881597,0.07703281027104136,1.0,1.0130057803468209,0.000989008976375716,inf
293,"frozenset([165, 263])","frozenset([145, 375])",0.07703281027104136,0.9843081312410842,0.07703281027104136,1.0,1.0159420289855072,0.0012087887489036497,inf
294,frozenset([145]),"frozenset([263, 165, 375])",0.9871611982881597,0.07703281027104136,0.07703281027104136,0.07803468208092486,1.0130057803468209,0.000989008976375716,1.001086669737366
295,frozenset([375]),"frozenset([145, 165, 263])",0.9914407988587732,0.07703281027104136,0.07703281027104136,0.0776978417266187,1.00863309352518,0.0006593393175838014,1.0007210559463748
296,frozenset([165]),"frozenset([145, 263, 375])",0.9871611982881597,0.07703281027104136,0.07703281027104136,0.07803468208092486,1.0130057803468209,0.000989008976375716,1.001086669737366
297,frozenset([263]),"frozenset([145, 165, 375])",0.07703281027104136,0.9843081312410842,0.07703281027104136,1.0,1.0159420289855072,0.0012087887489036497,inf
298,"frozenset([145, 165])",frozenset([263]),0.9871611982881597,0.07703281027104136,0.07703281027104136,0.07803468208092486,1.0130057803468209,0.000989008976375716,1.001086669737366
299,"frozenset([145, 263])",frozenset([165]),0.07703281027104136,0.9871611982881597,0.07703281027104136,1.0,1.0130057803468209,0.000989008976375716,inf
300,"frozenset([165, 263])",frozenset([145]),0.07703281027104136,0.9871611982881597,0.07703281027104136,1.0,1.0130057803468209,0.000989008976375716,inf
301,frozenset([145]),"frozenset([165, 263])",0.9871611982881597,0.07703281027104136,0.07703281027104136,0.07803468208092486,1.0130057803468209,0.000989008976375716,1.001086669737366
302,frozenset([165]),"frozenset([145, 263])",0.9871611982881597,0.07703281027104136,0.07703281027104136,0.07803468208092486,1.0130057803468209,0.000989008976375716,1.001086669737366
303,frozenset([263]),"frozenset([145, 165])",0.07703281027104136,0.9871611982881597,0.07703281027104136,1.0,1.0130057803468209,0.000989008976375716,inf
304,"frozenset([145, 378])",frozenset([165]),0.9871611982881597,0.9871611982881597,0.9871611982881597,1.0,1.0130057803468209,0.012673966882444265,inf
305,"frozenset([145, 165])",frozenset([378]),0.9871611982881597,0.9900142653352354,0.9871611982881597,1.0,1.0100864553314122,0.009857529797456688,inf
306,"frozenset([378, 165])",frozenset([145]),0.9871611982881597,0.9871611982881597,0.9871611982881597,1.0,1.0130057803468209,0.012673966882444265,inf
307,frozenset([145]),"frozenset([378, 165])",0.9871611982881597,0.9871611982881597,0.9871611982881597,1.0,1.0130057803468209,0.012673966882444265,inf
308,frozenset([378]),"frozenset([145, 165])",0.9900142653352354,0.9871611982881597,0.9871611982881597,0.9971181556195965,1.0100864553314122,0.009857529797456688,4.455064194008494
309,frozenset([165]),"frozenset([145, 378])",0.9871611982881597,0.9871611982881597,0.9871611982881597,1.0,1.0130057803468209,0.012673966882444265,inf
310,"frozenset([145, 165, 375])",frozenset([191]),0.9843081312410842,0.16975748930099857,0.16975748930099857,0.17246376811594202,1.0159420289855072,0.0026638122429543387,1.003270284382331
311,"frozenset([145, 191, 375])",frozenset([165]),0.16975748930099857,0.9871611982881597,0.16975748930099857,1.0,1.0130057803468209,0.002179482744235378,inf
312,"frozenset([145, 165, 191])",frozenset([375]),0.16975748930099857,0.9914407988587732,0.16975748930099857,1.0,1.0086330935251797,0.0014529884961569095,inf
313,"frozenset([191, 165, 375])",frozenset([145]),0.16975748930099857,0.9871611982881597,0.16975748930099857,1.0,1.0130057803468209,0.002179482744235378,inf
314,"frozenset([145, 375])","frozenset([165, 191])",0.9843081312410842,0.16975748930099857,0.16975748930099857,0.17246376811594202,1.0159420289855072,0.0026638122429543387,1.003270284382331
315,"frozenset([145, 165])","frozenset([191, 375])",0.9871611982881597,0.16975748930099857,0.16975748930099857,0.17196531791907516,1.0130057803468209,0.002179482744235378,1.0026663479994922
316,"frozenset([145, 191])","frozenset([165, 375])",0.16975748930099857,0.9843081312410842,0.16975748930099857,1.0,1.0159420289855072,0.0026638122429543387,inf
317,"frozenset([165, 375])","frozenset([145, 191])",0.9843081312410842,0.16975748930099857,0.16975748930099857,0.17246376811594202,1.0159420289855072,0.0026638122429543387,1.003270284382331
318,"frozenset([191, 375])","frozenset([145, 165])",0.16975748930099857,0.9871611982881597,0.16975748930099857,1.0,1.0130057803468209,0.002179482744235378,inf
319,"frozenset([165, 191])","frozenset([145, 375])",0.16975748930099857,0.9843081312410842,0.16975748930099857,1.0,1.0159420289855072,0.0026638122429543387,inf
320,frozenset([145]),"frozenset([191, 165, 375])",0.9871611982881597,0.16975748930099857,0.16975748930099857,0.17196531791907516,1.0130057803468209,0.002179482744235378,1.0026663479994922
321,frozenset([375]),"frozenset([145, 165, 191])",0.9914407988587732,0.16975748930099857,0.16975748930099857,0.1712230215827338,1.00863309352518,0.0014529884961569095,1.0017683071802188
322,frozenset([165]),"frozenset([145, 191, 375])",0.9871611982881597,0.16975748930099857,0.16975748930099857,0.17196531791907516,1.0130057803468209,0.002179482744235378,1.0026663479994922
323,frozenset([191]),"frozenset([145, 165, 375])",0.16975748930099857,0.9843081312410842,0.16975748930099857,1.0,1.0159420289855072,0.0026638122429543387,inf
324,"frozenset([378, 165])",frozenset([263]),0.9871611982881597,0.07703281027104136,0.07703281027104136,0.07803468208092486,1.0130057803468209,0.000989008976375716,1.001086669737366
325,"frozenset([378, 263])",frozenset([165]),0.07703281027104136,0.9871611982881597,0.07703281027104136,1.0,1.0130057803468209,0.000989008976375716,inf
326,"frozenset([165, 263])",frozenset([378]),0.07703281027104136,0.9900142653352354,0.07703281027104136,1.0,1.0100864553314122,0.0007692292038477683,inf
327,frozenset([378]),"frozenset([165, 263])",0.9900142653352354,0.07703281027104136,0.07703281027104136,0.07780979827089336,1.0100864553314122,0.0007692292038477683,1.0008425463623396
328,frozenset([165]),"frozenset([378, 263])",0.9871611982881597,0.07703281027104136,0.07703281027104136,0.07803468208092486,1.0130057803468209,0.000989008976375716,1.001086669737366
329,frozenset([263]),"frozenset([378, 165])",0.07703281027104136,0.9871611982881597,0.07703281027104136,1.0,1.0130057803468209,0.000989008976375716,inf
330,"frozenset([145, 375])",frozenset([191]),0.9843081312410842,0.16975748930099857,0.16975748930099857,0.17246376811594202,1.0159420289855072,0.0026638122429543387,1.003270284382331
331,"frozenset([145, 191])",frozenset([375]),0.16975748930099857,0.9914407988587732,0.16975748930099857,1.0,1.0086330935251797,0.0014529884961569095,inf
332,"frozenset([191, 375])",frozenset([145]),0.16975748930099857,0.9871611982881597,0.16975748930099857,1.0,1.0130057803468209,0.002179482744235378,inf
333,frozenset([145]),"frozenset([191, 375])",0.9871611982881597,0.16975748930099857,0.16975748930099857,0.17196531791907516,1.0130057803468209,0.002179482744235378,1.0026663479994922
334,frozenset([375]),"frozenset([145, 191])",0.9914407988587732,0.16975748930099857,0.16975748930099857,0.1712230215827338,1.00863309352518,0.0014529884961569095,1.0017683071802188
335,frozenset([191]),"frozenset([145, 375])",0.16975748930099857,0.9843081312410842,0.16975748930099857,1.0,1.0159420289855072,0.0026638122429543387,inf
336,frozenset([378]),frozenset([191]),0.9900142653352354,0.16975748930099857,0.16975748930099857,0.17146974063400575,1.010086455331412,0.0016951532455163898,1.0020666129132296
337,frozenset([191]),frozenset([378]),0.16975748930099857,0.9900142653352354,0.16975748930099857,1.0,1.0100864553314122,0.0016951532455163898,inf
338,"frozenset([165, 375])",frozenset([191]),0.9843081312410842,0.16975748930099857,0.16975748930099857,0.17246376811594202,1.0159420289855072,0.0026638122429543387,1.003270284382331
339,"frozenset([191, 375])",frozenset([165]),0.16975748930099857,0.9871611982881597,0.16975748930099857,1.0,1.0130057803468209,0.002179482744235378,inf
340,"frozenset([165, 191])",frozenset([375]),0.16975748930099857,0.9914407988587732,0.16975748930099857,1.0,1.0086330935251797,0.0014529884961569095,inf
341,frozenset([375]),"frozenset([165, 191])",0.9914407988587732,0.16975748930099857,0.16975748930099857,0.1712230215827338,1.00863309352518,0.0014529884961569095,1.0017683071802188
342,frozenset([165]),"frozenset([191, 375])",0.9871611982881597,0.16975748930099857,0.16975748930099857,0.17196531791907516,1.0130057803468209,0.002179482744235378,1.0026663479994922
343,frozenset([191]),"frozenset([165, 375])",0.16975748930099857,0.9843081312410842,0.16975748930099857,1.0,1.0159420289855072,0.0026638122429543387,inf
344,"frozenset([378, 375])",frozenset([263]),0.9871611982881597,0.07703281027104136,0.07703281027104136,0.07803468208092486,1.0130057803468209,0.000989008976375716,1.001086669737366
345,"frozenset([378, 263])",frozenset([375]),0.07703281027104136,0.9914407988587732,0.07703281027104136,1.0,1.0086330935251797,0.0006593393175838014,inf
346,"frozenset([263, 375])",frozenset([378]),0.07703281027104136,0.9900142653352354,0.07703281027104136,1.0,1.0100864553314122,0.0007692292038477683,inf
347,frozenset([378]),"frozenset([263, 375])",0.9900142653352354,0.07703281027104136,0.07703281027104136,0.07780979827089336,1.0100864553314122,0.0007692292038477683,1.0008425463623396
348,frozenset([375]),"frozenset([378, 263])",0.9914407988587732,0.07703281027104136,0.07703281027104136,0.0776978417266187,1.00863309352518,0.0006593393175838014,1.0007210559463748
349,frozenset([263]),"frozenset([378, 375])",0.07703281027104136,0.9871611982881597,0.07703281027104136,1.0,1.0130057803468209,0.000989008976375716,inf
350,"frozenset([336, 145])",frozenset([378]),0.10699001426533523,0.9900142653352354,0.10699001426533523,1.0,1.0100864553314122,0.0010683738942330184,inf
351,"frozenset([336, 378])",frozenset([145]),0.10699001426533523,0.9871611982881597,0.10699001426533523,1.0,1.0130057803468209,0.001373623578299607,inf
352,frozenset([145]),"frozenset([336, 378])",0.9871611982881597,0.10699001426533523,0.10699001426533523,0.10838150289017341,1.0130057803468209,0.001373623578299607,1.001560632298846
353,frozenset([378]),"frozenset([336, 145])",0.9900142653352354,0.10699001426533523,0.10699001426533523,0.10806916426512968,1.0100864553314122,0.0010683738942330184,1.0012099032307873
354,"frozenset([145, 378, 165, 375])",frozenset([191]),0.9843081312410842,0.16975748930099857,0.16975748930099857,0.17246376811594202,1.0159420289855072,0.0026638122429543387,1.003270284382331
355,"frozenset([145, 378, 191, 375])",frozenset([165]),0.16975748930099857,0.9871611982881597,0.16975748930099857,1.0,1.0130057803468209,0.002179482744235378,inf
356,"frozenset([145, 378, 165, 191])",frozenset([375]),0.16975748930099857,0.9914407988587732,0.16975748930099857,1.0,1.0086330935251797,0.0014529884961569095,inf
357,"frozenset([145, 191, 165, 375])",frozenset([378]),0.16975748930099857,0.9900142653352354,0.16975748930099857,1.0,1.0100864553314122,0.0016951532455163898,inf
358,"frozenset([378, 191, 165, 375])",frozenset([145]),0.16975748930099857,0.9871611982881597,0.16975748930099857,1.0,1.0130057803468209,0.002179482744235378,inf
359,"frozenset([145, 378, 375])","frozenset([165, 191])",0.9843081312410842,0.16975748930099857,0.16975748930099857,0.17246376811594202,1.0159420289855072,0.0026638122429543387,1.003270284382331
360,"frozenset([145, 378, 165])","frozenset([191, 375])",0.9871611982881597,0.16975748930099857,0.16975748930099857,0.17196531791907516,1.0130057803468209,0.002179482744235378,1.0026663479994922
361,"frozenset([145, 378, 191])","frozenset([165, 375])",0.16975748930099857,0.9843081312410842,0.16975748930099857,1.0,1.0159420289855072,0.0026638122429543387,inf
362,"frozenset([145, 165, 375])","frozenset([378, 191])",0.9843081312410842,0.16975748930099857,0.16975748930099857,0.17246376811594202,1.0159420289855072,0.0026638122429543387,1.003270284382331
363,"frozenset([145, 191, 375])","frozenset([378, 165])",0.16975748930099857,0.9871611982881597,0.16975748930099857,1.0,1.0130057803468209,0.002179482744235378,inf
364,"frozenset([145, 165, 191])","frozenset([378, 375])",0.16975748930099857,0.9871611982881597,0.16975748930099857,1.0,1.0130057803468209,0.002179482744235378,inf
365,"frozenset([378, 165, 375])","frozenset([145, 191])",0.9843081312410842,0.16975748930099857,0.16975748930099857,0.17246376811594202,1.0159420289855072,0.0026638122429543387,1.003270284382331
366,"frozenset([378, 191, 375])","frozenset([145, 165])",0.16975748930099857,0.9871611982881597,0.16975748930099857,1.0,1.0130057803468209,0.002179482744235378,inf
367,"frozenset([378, 165, 191])","frozenset([145, 375])",0.16975748930099857,0.9843081312410842,0.16975748930099857,1.0,1.0159420289855072,0.0026638122429543387,inf
368,"frozenset([191, 165, 375])","frozenset([145, 378])",0.16975748930099857,0.9871611982881597,0.16975748930099857,1.0,1.0130057803468209,0.002179482744235378,inf
369,"frozenset([145, 378])","frozenset([191, 165, 375])",0.9871611982881597,0.16975748930099857,0.16975748930099857,0.17196531791907516,1.0130057803468209,0.002179482744235378,1.0026663479994922
370,"frozenset([145, 375])","frozenset([378, 165, 191])",0.9843081312410842,0.16975748930099857,0.16975748930099857,0.17246376811594202,1.0159420289855072,0.0026638122429543387,1.003270284382331
371,"frozenset([145, 165])","frozenset([378, 191, 375])",0.9871611982881597,0.16975748930099857,0.16975748930099857,0.17196531791907516,1.0130057803468209,0.002179482744235378,1.0026663479994922
372,"frozenset([145, 191])","frozenset([378, 165, 375])",0.16975748930099857,0.9843081312410842,0.16975748930099857,1.0,1.0159420289855072,0.0026638122429543387,inf
373,"frozenset([378, 375])","frozenset([145, 165, 191])",0.9871611982881597,0.16975748930099857,0.16975748930099857,0.17196531791907516,1.0130057803468209,0.002179482744235378,1.0026663479994922
374,"frozenset([378, 165])","frozenset([145, 191, 375])",0.9871611982881597,0.16975748930099857,0.16975748930099857,0.17196531791907516,1.0130057803468209,0.002179482744235378,1.0026663479994922
375,"frozenset([378, 191])","frozenset([145, 165, 375])",0.16975748930099857,0.9843081312410842,0.16975748930099857,1.0,1.0159420289855072,0.0026638122429543387,inf
376,"frozenset([165, 375])","frozenset([145, 378, 191])",0.9843081312410842,0.16975748930099857,0.16975748930099857,0.17246376811594202,1.0159420289855072,0.0026638122429543387,1.003270284382331
377,"frozenset([191, 375])","frozenset([145, 378, 165])",0.16975748930099857,0.9871611982881597,0.16975748930099857,1.0,1.0130057803468209,0.002179482744235378,inf
378,"frozenset([165, 191])","frozenset([145, 378, 375])",0.16975748930099857,0.9843081312410842,0.16975748930099857,1.0,1.0159420289855072,0.0026638122429543387,inf
379,frozenset([145]),"frozenset([378, 191, 165, 375])",0.9871611982881597,0.16975748930099857,0.16975748930099857,0.17196531791907516,1.0130057803468209,0.002179482744235378,1.0026663479994922
380,frozenset([378]),"frozenset([145, 191, 165, 375])",0.9900142653352354,0.16975748930099857,0.16975748930099857,0.17146974063400575,1.010086455331412,0.0016951532455163898,1.0020666129132296
381,frozenset([375]),"frozenset([145, 378, 165, 191])",0.9914407988587732,0.16975748930099857,0.16975748930099857,0.1712230215827338,1.00863309352518,0.0014529884961569095,1.0017683071802188
382,frozenset([165]),"frozenset([145, 378, 191, 375])",0.9871611982881597,0.16975748930099857,0.16975748930099857,0.17196531791907516,1.0130057803468209,0.002179482744235378,1.0026663479994922
383,frozenset([191]),"frozenset([145, 378, 165, 375])",0.16975748930099857,0.9843081312410842,0.16975748930099857,1.0,1.0159420289855072,0.0026638122429543387,inf
384,"frozenset([145, 378])",frozenset([375]),0.9871611982881597,0.9914407988587732,0.9843081312410842,0.9971098265895955,1.0057179689774192,0.005596244207887291,2.9614835948645486
385,"frozenset([145, 375])",frozenset([378]),0.9843081312410842,0.9900142653352354,0.9843081312410842,1.0,1.0100864553314122,0.00982903982694372,inf
386,"frozenset([378, 375])",frozenset([145]),0.9871611982881597,0.9871611982881597,0.9843081312410842,0.9971098265895955,1.0100780179758764,0.009820899835368713,4.442225392296861
387,frozenset([145]),"frozenset([378, 375])",0.9871611982881597,0.9871611982881597,0.9843081312410842,0.9971098265895955,1.0100780179758764,0.009820899835368713,4.442225392296861
388,frozenset([378]),"frozenset([145, 375])",0.9900142653352354,0.9843081312410842,0.9843081312410842,0.9942363112391931,1.0100864553314122,0.00982903982694372,2.722539229671899
389,frozenset([375]),"frozenset([145, 378])",0.9914407988587732,0.9871611982881597,0.9843081312410842,0.9928057553956834,1.0057179689774192,0.005596244207887291,1.7845934379457802
390,"frozenset([378, 375])",frozenset([191]),0.9871611982881597,0.16975748930099857,0.16975748930099857,0.17196531791907516,1.0130057803468209,0.002179482744235378,1.0026663479994922
391,"frozenset([378, 191])",frozenset([375]),0.16975748930099857,0.9914407988587732,0.16975748930099857,1.0,1.0086330935251797,0.0014529884961569095,inf
392,"frozenset([191, 375])",frozenset([378]),0.16975748930099857,0.9900142653352354,0.16975748930099857,1.0,1.0100864553314122,0.0016951532455163898,inf
393,frozenset([378]),"frozenset([191, 375])",0.9900142653352354,0.16975748930099857,0.16975748930099857,0.17146974063400575,1.010086455331412,0.0016951532455163898,1.0020666129132296
394,frozenset([375]),"frozenset([378, 191])",0.9914407988587732,0.16975748930099857,0.16975748930099857,0.1712230215827338,1.00863309352518,0.0014529884961569095,1.0017683071802188
395,frozenset([191]),"frozenset([378, 375])",0.16975748930099857,0.9871611982881597,0.16975748930099857,1.0,1.0130057803468209,0.002179482744235378,inf
396,"frozenset([336, 145, 165])",frozenset([375]),0.10699001426533523,0.9914407988587732,0.10699001426533523,1.0,1.0086330935251797,0.0009157490521997241,inf
397,"frozenset([336, 145, 375])",frozenset([165]),0.10699001426533523,0.9871611982881597,0.10699001426533523,1.0,1.0130057803468209,0.001373623578299607,inf
398,"frozenset([336, 165, 375])",frozenset([145]),0.10699001426533523,0.9871611982881597,0.10699001426533523,1.0,1.0130057803468209,0.001373623578299607,inf
399,"frozenset([145, 165, 375])",frozenset([336]),0.9843081312410842,0.10841654778887304,0.10699001426533523,0.10869565217391304,1.0025743707093822,0.0002747247156599103,1.000313141505167
400,"frozenset([336, 145])","frozenset([165, 375])",0.10699001426533523,0.9843081312410842,0.10699001426533523,1.0,1.0159420289855072,0.0016788732623661679,inf
401,"frozenset([336, 165])","frozenset([145, 375])",0.10699001426533523,0.9843081312410842,0.10699001426533523,1.0,1.0159420289855072,0.0016788732623661679,inf
402,"frozenset([145, 375])","frozenset([336, 165])",0.9843081312410842,0.10699001426533523,0.10699001426533523,0.10869565217391304,1.0159420289855072,0.0016788732623661679,1.001913642531575
403,"frozenset([165, 375])","frozenset([336, 145])",0.9843081312410842,0.10699001426533523,0.10699001426533523,0.10869565217391304,1.0159420289855072,0.0016788732623661679,1.001913642531575
404,frozenset([336]),"frozenset([145, 165, 375])",0.10841654778887304,0.9843081312410842,0.10699001426533523,0.9868421052631579,1.0025743707093822,0.0002747247156599103,1.1925820256775983
405,frozenset([145]),"frozenset([336, 165, 375])",0.9871611982881597,0.10699001426533523,0.10699001426533523,0.10838150289017341,1.0130057803468209,0.001373623578299607,1.001560632298846
406,frozenset([165]),"frozenset([336, 145, 375])",0.9871611982881597,0.10699001426533523,0.10699001426533523,0.10838150289017341,1.0130057803468209,0.001373623578299607,1.001560632298846
407,frozenset([375]),"frozenset([336, 145, 165])",0.9914407988587732,0.10699001426533523,0.10699001426533523,0.1079136690647482,1.0086330935251797,0.0009157490521997241,1.0010353872348259
408,frozenset([145]),frozenset([191]),0.9871611982881597,0.16975748930099857,0.16975748930099857,0.17196531791907516,1.0130057803468209,0.002179482744235378,1.0026663479994922
409,frozenset([191]),frozenset([145]),0.16975748930099857,0.9871611982881597,0.16975748930099857,1.0,1.0130057803468209,0.002179482744235378,inf
